title,slug,tag,metatitle,category,metadescription,created_at,updated_at,status,decsription
The 'Make My Life Easier' Headlines,,"#Life ,#Easier",The 'Make My Life Easier' Headlines,LifeStyle,The 'Make My Life Easier' Headlines,07-03-2024,,," <p><span style=""color: black;"">While pets bring an immeasurable "
,,,,,,,,,"amount of joy and love to our lives, it’s important to consider the "
,,,,,,,,,ongoing costs that a new furry member of the family will bring.</span></p>
,,,,,,,,,"<p><span style=""color: black;"">From day-to-day food, treats and bedding;"
,,,,,,,,," to flea and tick treatments, annual injections and unforeseen vet "
,,,,,,,,,"bills, it’s easy for costs to stack up.</span></p>"
,,,,,,,,,"<p><span style=""color: black;"">As a guide, the </span><a href=""https://moneysmart.gov.au/getting-a-pet""><span>first year alone</span></a><span style=""color: black;""> of owning a dog or cat can cost between $3,000 - $6,000.</span></p>"
,,,,,,,,,"<p><span style=""color: black;"">That’s why setting up a dedicated savings"
,,,,,,,,," account can help you budget for the known, and sometimes unknown, "
,,,,,,,,,expenses as much as possible.</span></p>
,,,,,,,,,<h2>Managing your furbaby’s finances</h2>
,,,,,,,,,"<p><span style=""color: black;"">Annual expenses for your pet can be very different depending on the breed, pet type and age of your furry friend.</span></p>"
,,,,,,,,,"<p><span style=""color: black;"">Their size will obviously dictate how "
,,,,,,,,,"much food they eat, the size of the bedding you need and cost of "
,,,,,,,,,medications that typically increase with weight ranges.</span></p>
,,,,,,,,,"<p><span style=""color: black;"">Health issues with certain breeds can "
,,,,,,,,,"also develop as they age, so do your research early before picking a pet"
,,,,,,,,, to save you in the long run and ensure that you can provide your animal
,,,,,,,,, companion with the best possible care throughout its life.</span></p>
,,,,,,,,,<h2>Pawfect saving solutions</h2>
